Column1;Column2;Column3;Column4
ايمن;نجيب;مكرد;اليوسفي
احمد;نجيب;تلا;ؤر
مك;ةوز;ةو;ز
ىىر;يؤ;ؤر;تمك
تانل;تنل;ؤلى; ؤلاى
ايمن;نجيب;مكرد;اليوسفي
احمد;نجيب;تلا;ؤر
مك;ةوز;ةو;ز
ىىر;يؤ;ؤر;تمك
تانل;تنل;ؤلى; ؤلاى
ايمن;نجيب;مكرد;اليوسفي
احمد;نجيب;تلا;ؤر
مك;ةوز;ةو;ز
ىىر;يؤ;ؤر;تمك
تانل;تنل;ؤلى; ؤلاى
ايمن;نجيب;مكرد;اليوسفي
ايمن;نجيب;مكرد;اليوسفي
احمد;نجيب;تلا;ؤر
مك;ةوز;ةو;ز
ىىر;يؤ;ؤر;تمك
تانل;تنل;ؤلى; ؤلاى
ايمن;نجيب;مكرد;اليوسفي
احمد;نجيب;تلا;ؤر
مك;ةوز;ةو;ز
ىىر;يؤ;ؤر;تمك
تانل;تنل;ؤلى; ؤلاى
ايمن;نجيب;مكرد;اليوسفي
احمد;نجيب;تلا;ؤر
مك;ةوز;ةو;ز
ىىر;يؤ;ؤر;تمك
تانل;تنل;ؤلى; ؤلاى
ايمن;نجيب;مكرد;اليوسفي
ايمن;نجيب;مكرد;اليوسفي
احمد;نجيب;تلا;ؤر
مك;ةوز;ةو;ز
ىىر;يؤ;ؤر;تمك
تانل;تنل;ؤلى; ؤلاى
ايمن;نجيب;مكرد;اليوسفي
احمد;نجيب;تلا;ؤر
مك;ةوز;ةو;ز
ىىر;يؤ;ؤر;تمك
تانل;تنل;ؤلى; ؤلاى
ايمن;نجيب;مكرد;اليوسفي
احمد;نجيب;تلا;ؤر
مك;ةوز;ةو;ز
ىىر;يؤ;ؤر;تمك
تانل;تنل;ؤلى; ؤلاى
ايمن;نجيب;مكرد;اليوسفي
ايمن;نجيب;مكرد;اليوسفي
احمد;نجيب;تلا;ؤر
مك;ةوز;ةو;ز
ىىر;يؤ;ؤر;تمك
تانل;تنل;ؤلى; ؤلاى
ايمن;نجيب;مكرد;اليوسفي
احمد;نجيب;تلا;ؤر
مك;ةوز;ةو;ز
ىىر;يؤ;ؤر;تمك
تانل;تنل;ؤلى; ؤلاى
ايمن;نجيب;مكرد;اليوسفي
احمد;نجيب;تلا;ؤر
مك;ةوز;ةو;ز
ىىر;يؤ;ؤر;تمك
تانل;تنل;ؤلى; ؤلاى
ايمن;نجيب;مكرد;اليوسفي
ايمن;نجيب;مكرد;اليوسفي
احمد;نجيب;تلا;ؤر
مك;ةوز;ةو;ز
ىىر;يؤ;ؤر;تمك
تانل;تنل;ؤلى; ؤلاى
ايمن;نجيب;مكرد;اليوسفي
احمد;نجيب;تلا;ؤر
مك;ةوز;ةو;ز
ىىر;يؤ;ؤر;تمك
تانل;تنل;ؤلى; ؤلاى
ايمن;نجيب;مكرد;اليوسفي
احمد;نجيب;تلا;ؤر
مك;ةوز;ةو;ز
ىىر;يؤ;ؤر;تمك
تانل;تنل;ؤلى; ؤلاى
ايمن;نجيب;مكرد;اليوسفي
ايمن;نجيب;مكرد;اليوسفي
احمد;نجيب;تلا;ؤر
مك;ةوز;ةو;ز
ىىر;يؤ;ؤر;تمك
تانل;تنل;ؤلى; ؤلاى
ايمن;نجيب;مكرد;اليوسفي
احمد;نجيب;تلا;ؤر
مك;ةوز;ةو;ز
ىىر;يؤ;ؤر;تمك
تانل;تنل;ؤلى; ؤلاى
ايمن;نجيب;مكرد;اليوسفي
احمد;نجيب;تلا;ؤر
مك;ةوز;ةو;ز
ىىر;يؤ;ؤر;تمك
تانل;تنل;ؤلى; ؤلاى
ايمن;نجيب;مكرد;اليوسفي
ايمن;نجيب;مكرد;اليوسفي
احمد;نجيب;تلا;ؤر
مك;ةوز;ةو;ز
ىىر;يؤ;ؤر;تمك
تانل;تنل;ؤلى; ؤلاى
ايمن;نجيب;مكرد;اليوسفي
احمد;نجيب;تلا;ؤر
مك;ةوز;ةو;ز
ىىر;يؤ;ؤر;تمك
تانل;تنل;ؤلى; ؤلاى
ايمن;نجيب;مكرد;اليوسفي
احمد;نجيب;تلا;ؤر
مك;ةوز;ةو;ز
ىىر;يؤ;ؤر;تمك
تانل;تنل;ؤلى; ؤلاى
ايمن;نجيب;مكرد;اليوسفي
ايمن;نجيب;مكرد;اليوسفي
احمد;نجيب;تلا;ؤر
مك;ةوز;ةو;ز
